Year,fairness/algorithm,fairness/optimization,fairness/sensitive-attributes,fairness/representation,utility/welfare,race,risk-assessment,policing,gender/language,image-classification,advertising,recommender-systems,data-collection/privacy,user-study,health,education,ML,explainability,accountability,law/rights,social-sciences/ethics
0,0.41181518759461705,-0.6225759557274836,0.5601321305782248,-1.0104905848226944,-0.987087184143003,-1.2575614871631513,1.421211081223812,1.4099239293978032,1.0881778462392322,1.3569000009749246,1.439677727279882,1.4330557308208225,-1.1765482214770786,-1.4480496260412967,-0.6111663290446231,-0.9076773567953258,0.8971793844867685,-1.3681946778578118,-0.8660518873182159,-0.15260810061422447,-1.0453660839113428
1,-1.3794392257399903,1.3431322188770394,1.0428522504220679,0.45487312530124213,1.3585052532728317,0.007472986882311961,-0.8187848750105369,-0.7195625917399692,-1.3179069186772654,-0.8019063601125977,-0.17668052606525814,-0.08735850021796573,-0.055063403459079494,0.4128159721891244,-0.6313343945748325,1.4284390746712543,-0.14845427242851425,0.6018891609411601,-0.7519507974738341,-0.8792085240594947,-0.522805833902222
2,0.9630862277246267,-0.884107472955358,-1.1976813607320462,-0.621536542423665,0.05003094580826263,0.06063188705653807,-0.047942769180254925,0.01262151228067346,-0.04731222736800669,-0.7027964831787397,-0.4095401944299947,-0.8018238969936299,-0.037749352303680456,0.8313690337654556,1.4744761749364503,-0.2669854978697468,-1.3471769870323733,0.869033756643404,0.37566672420017794,1.430069229618798,1.2336981410905663
3,0.004537810420752586,0.16355120980580304,-0.40530302026824466,1.1771540019451177,-0.4214490149380916,1.1894566132243005,-0.5544834370330206,-0.702982849938507,0.2770412998060398,0.14780284231641225,-0.8534570067846295,-0.5438733336092281,1.2693609772398389,0.20386462008671666,-0.23197545131699476,-0.25377622000618155,0.598451874974121,-0.10272823972675268,1.2423359605918718,-0.3982526049450789,0.3344737767229976
